date,open,high,low,Close,adj close,volume
2015/12/31,-0.019195,0.031978,0.032171,0.010858,-1.99041,-0.646803831
2015/12/30,-0.013059,0.033445,0.034587,0.02012,-1.372009,-1.239511741
2015/12/29,0.017974,0.036324,0.060255,0.035355,1.855117,-1.019769939
2015/12/28,-0.011201,0.030752,0.03171,0.017244,-1.169113,-1.182229903
2015/12/24,-0.00534,0.038684,0.038684,0.028678,-0.560394,-1.687012651
2015/12/24,-0.00534,0.038684,0.038684,0.028678,-0.560394,-1.687012651
2015/12/23,0.012869,0.035353,0.050603,0.034678,1.333351,-0.953425394
2015/12/22,-0.000932,0.035642,0.038728,0.026481,-0.096611,-0.948352124
2015/12/22,-0.000932,0.035642,0.038728,0.026481,-0.096611,-0.948352124
2015/12/21,0.012261,0.047169,0.048047,0.030477,1.256096,-0.379484743
2015/12/18,-0.027069,0.034302,0.040096,0.004862,-2.850349,1.498497865
2015/12/17,-0.021196,0.041288,0.043426,0.01303,-2.280251,-0.487783699
2015/12/16,0.007693,0.0404,0.049018,0.019137,0.821281,-0.047112488
2015/12/15,-0.017692,0.029999,0.037912,0.015368,-1.922782,-0.159162589
2015/12/14,-0.006185,0.025823,0.030395,0.003968,-0.676354,0.26344086
2015/12/11,-0.025738,0.026236,0.028018,0.005389,-2.888962,-0.40655756
2015/12/10,0.004757,0.038727,0.046783,0.033983,0.531411,-1.089988618
2015/12/9,-0.022076,0.029803,0.03024,0.007393,-2.521813,-0.426727654
2015/12/8,-0.000423,0.028317,0.037767,0.022542,-0.048309,-0.8899288
2015/12/7,-0.006301,0.034533,0.042184,0.024359,-0.724663,-0.975455688
2015/12/4,0.033247,0.035776,0.071353,0.034159,3.7006,0.01201802
2015/12/3,-0.009288,0.037371,0.039507,0.016632,-1.043511,-0.610898911
2015/12/2,-0.009034,0.034967,0.041759,0.023854,-1.024185,-0.925399417
2015/12/1,-0.008115,0.038904,0.039429,0.022369,-0.927566,-0.869063052
2015/11/30,0.004159,0.036549,0.049023,0.03444,0.473442,-0.702725111
2015/11/27,-0.001864,0.037247,0.038299,0.031197,-0.212571,-1.707151998
2015/11/25,-0.00715,0.03784,0.038014,0.02661,-0.821273,-1.386540507
2015/11/24,0.009597,0.031276,0.049031,0.02943,1.091819,-0.563483047
2015/11/24,0.009597,0.031276,0.049031,0.02943,1.091819,-0.563483047
2015/11/23,-0.012993,0.034707,0.038698,0.017964,-1.497642,-0.960147478
2015/11/20,0.004378,0.038627,0.0449,0.035577,0.502434,-0.890789718
2015/11/19,0.012704,0.038056,0.056674,0.030291,1.439666,-0.544550523
2015/11/18,0.031665,0.053811,0.06956,0.051444,3.478363,-0.414686323
2015/11/17,-0.004291,0.041675,0.042853,0.027172,-0.473442,-1.147151311
2015/11/16,0.016379,0.026123,0.052472,0.022622,1.777848,-0.743987712
2015/11/13,-0.029209,0.030317,0.033626,0.004111,-3.265816,-0.447827849
2015/11/12,-0.003359,0.036304,0.041296,0.030867,-0.376824,-0.958490978
2015/11/11,-0.005652,0.031422,0.040728,0.021141,-0.637695,-0.47067294
2015/11/10,-0.031517,0.003464,0.013507,-0.003746,-3.671615,0.063938333
2015/11/9,-0.004048,0.034112,0.041379,0.026333,-0.473443,-0.906766678
2015/11/6,0.001158,0.036594,0.042585,0.0324,0.13527,-0.938632198
2015/11/5,-0.00461,0.03812,0.045276,0.023892,-0.541092,-0.688412338
2015/11/4,-0.00465,0.044146,0.049997,0.031341,-0.548401,-0.483429141
2015/11/3,0.011471,0.036052,0.059211,0.03528,1.337326,-0.459104346
2015/11/2,0.014058,0.050705,0.055576,0.040354,1.61631,-0.970878214
2015/10/30,-0.008546,0.043364,0.045348,0.030084,-0.990952,-0.311276156
2015/10/29,0.010564,0.03443,0.051772,0.030683,1.21225,-0.239712292
2015/10/28,0.041205,0.060993,0.082498,0.053099,4.541085,1.079495669
2015/10/27,-0.006332,0.040479,0.050758,0.027766,-0.70234,0.477352245
2015/10/26,-0.031911,0.030669,0.031105,0.003087,-3.65596,0.34088895
2015/10/23,0.030996,0.050196,0.072964,0.046867,3.444298,0.073124028
2015/10/22,0.015295,0.044605,0.055295,0.042504,1.674057,-0.607647406
2015/10/21,-8.80E-05,0.041499,0.055934,0.038758,-0.009613,-0.602224387
2015/10/20,0.018258,0.035769,0.062096,0.030932,1.962677,-0.33381762
2015/10/19,0.006214,0.037151,0.046044,0.030692,0.663841,-1.064814433
2015/10/16,-0.007331,0.038654,0.040698,0.027039,-0.788933,-0.700715019
2015/10/15,0.014972,0.046188,0.057222,0.042038,1.587471,-0.760637264
2015/10/14,-0.014134,0.034749,0.036887,0.018663,-1.520118,-0.499713572
2015/10/13,0.001703,0.032133,0.047314,0.030829,0.182808,-0.938363161
2015/10/12,-0.004638,0.045053,0.045238,0.033094,-0.50029,-1.037603254
2015/10/9,0.023927,0.044144,0.065786,0.039303,2.520683,-0.180570254
2015/10/8,-0.011554,0.033862,0.033862,0.015284,-1.231483,0.173540197
2015/10/7,-0.004761,0.043413,0.043693,0.021656,-0.509903,-0.411192685
2015/10/6,0.004784,0.03799,0.048405,0.029921,0.509903,-0.356186131
2015/10/5,0.003624,0.034689,0.04872,0.027062,0.384842,-0.20752777
2015/10/2,0.007301,0.024506,0.052961,0.020142,0.769676,0.021349763
2015/10/1,-0.006528,0.027807,0.03299,0.011222,-0.692719,0.248467025
2015/9/30,0.01137,0.049976,0.063033,0.036252,1.193001,0.346238944
2015/9/29,-0.03006,0.043003,0.049289,-0.00294,-3.251884,0.611140542
2015/9/28,-0.019789,0.031605,0.038129,0.018829,-2.183953,-0.205825149
2015/9/25,-0.002522,0.052413,0.054672,0.03054,-0.279007,-0.050440861
2015/9/24,0.005948,0.029669,0.050126,0.021668,0.654221,-0.278445945
2015/9/23,0.008113,0.041506,0.051496,0.038481,0.885139,-0.834307304
2015/9/22,-0.01571,0.022888,0.030105,0.015129,-1.741394,-0.273576373
2015/9/21,0.015513,0.041413,0.056988,0.041321,1.693283,-0.27834986
2015/9/18,-0.004126,0.023796,0.042865,0.020694,-0.452179,0.646495859
2015/9/17,-0.02139,0.032701,0.040112,0.015379,-2.395629,0.25551964
2015/9/16,0.001118,0.039129,0.041722,0.031889,0.125083,-0.779854199
2015/9/15,0.008412,0.044986,0.050395,0.031375,0.933236,-0.542805625
2015/9/14,0.009631,0.060966,0.063788,0.045313,1.058303,0.034555641
2015/9/11,0.014569,0.032196,0.05454,0.031919,1.577843,-0.290129841
2015/9/10,0.02197,0.04053,0.068933,0.037038,2.328262,0.208638007
2015/9/9,-0.019232,0.052817,0.055223,0.015891,-2.078125,1.05871832
2015/9/9,-0.019232,0.052817,0.055223,0.015891,-2.078125,1.05871832
2015/9/8,0.027821,0.062988,0.070693,0.049385,2.924767,-0.100723891
2015/9/4,-0.009966,0.026213,0.040151,0.021881,-1.058304,-0.287024384
2015/9/3,-0.017536,0.040785,0.043469,0.018117,-1.895317,-0.16259089
2015/9/2,0.042889,0.063617,0.083976,0.053003,4.44487,0.170050402
2015/9/1,-0.044697,0.015339,0.031286,-0.010379,-4.848968,0.744909623
2015/8/31,-0.004678,0.027837,0.050774,0.027562,-0.509903,-0.047466079
2015/8/28,0.003277,0.032494,0.042987,0.026695,0.355972,-0.165262044
2015/8/27,0.029447,0.063466,0.073036,0.042524,3.107567,1.043548472
2015/8/26,0.057355,0.072962,0.101016,0.052523,5.724479,1.510846667
2015/8/25,0.006012,0.119933,0.119933,0.043228,0.596482,1.773234691
2015/8/24,-0.024962,-0.067628,0.069274,-0.095834,-2.539925,4.02564005
2015/8/21,-0.061163,0.018914,0.032477,-0.02519,-6.628837,2.72154813
2015/8/21,-0.061163,0.018914,0.032477,-0.02519,-6.628837,2.72154813
2015/8/20,-0.02052,0.030993,0.033433,0.008851,-2.270546,0.424205891
2015/8/19,-0.01279,0.035829,0.039576,0.02316,-1.43351,-0.38505381
2015/8/18,-0.005634,0.032921,0.041881,0.029195,-0.63501,-0.880274212
2015/8/17,0.010349,0.040115,0.054546,0.035274,1.154533,-0.637218425
2015/8/14,0.007034,0.031905,0.049868,0.029107,0.77929,-0.558628849
2015/8/13,-0.000781,0.046613,0.04986,0.033084,-0.086579,-0.34315705
2015/8/13,-0.000781,0.046613,0.04986,0.033084,-0.086579,-0.34315705
2015/8/12,0.01542,0.030605,0.057073,0.004046,1.68367,1.681604504
2015/8/11,-0.052038,0.022815,0.026027,-0.01608,-5.993866,1.522691986
2015/8/10,0.036357,0.048485,0.079616,0.048485,4.040795,-0.096573033
2015/8/7,0.003388,0.034432,0.049509,0.03371,0.375229,-0.722322541
2015/8/6,0.002176,0.049259,0.054055,0.032521,0.240516,-0.175308657
2015/8/5,0.00663,0.02871,0.069604,0.020969,0.727906,1.608391827
2015/8/5,0.00663,0.02871,0.069604,0.020969,0.727906,1.608391827
2015/8/4,-0.032084,0.035111,0.037579,-0.00165,-3.639489,2.562551057
2015/8/3,-0.023578,0.045824,0.055034,0.011566,-2.739196,0.480872787
2015/7/31,-0.008744,0.046065,0.046406,0.031645,-1.024811,-0.560339156
2015/7/30,-0.005041,0.038414,0.040537,0.033236,-0.593804,-0.916109951
2015/7/29,-0.003161,0.042156,0.045118,0.034709,-0.373535,-0.786072799
2015/7/29,-0.003161,0.042156,0.045118,0.034709,-0.373535,-0.786072799
2015/7/28,0.004969,0.04929,0.053798,0.042231,0.584244,-0.916501977
2015/7/27,-0.013896,0.032277,0.036638,0.024143,-1.656937,-0.499978765
2015/7/27,-0.013896,0.032277,0.036638,0.024143,-1.656937,-0.499978765
2015/7/24,-0.005273,0.045437,0.048941,0.033591,-0.63211,-0.588115314
2015/7/23,-0.000479,0.052274,0.059695,0.042768,-0.057473,-0.248467527
2015/7/22,-0.042294,-0.025851,0.002179,-0.025851,-5.296409,2.228637604
2015/7/21,-0.009995,0.050269,0.050822,0.030267,-1.264275,0.741469792
2015/7/20,0.018902,0.054977,0.071087,0.052802,2.346543,0.055186941
2015/7/17,0.008637,0.048733,0.053121,0.042477,1.063102,-0.434287596
2015/7/16,0.013326,0.051677,0.05851,0.048466,1.618622,-0.816408652
2015/7/15,0.009633,0.045017,0.056903,0.043853,1.158898,-0.915306683
2015/7/14,-0.000398,0.04726,0.050002,0.038951,-0.047898,-0.987604634
2015/7/13,0.019306,0.058924,0.065106,0.05291,2.279473,-0.61585688
2015/7/10,0.026734,0.060363,0.076972,0.054015,3.074409,0.149515186
2015/7/9,-0.020397,0.055006,0.056795,0.015566,-2.394401,0.782409549
2015/7/8,-0.024823,0.034051,0.03538,0.017935,-2.988213,0.126727745
2015/7/7,-0.00246,0.043191,0.045345,0.025623,-0.296906,-0.404228468
2015/7/6,-0.00348,0.031716,0.042368,0.030973,-0.421402,-1.13010589
2015/7/2,-0.001264,0.0427,0.044845,0.037257,-0.153251,-1.162751618
2015/7/1,0.009328,0.056339,0.056672,0.048764,1.120582,-1.04638155
2015/6/30,0.007227,0.052822,0.057434,0.046869,0.861992,-0.503237957
2015/6/29,-0.017515,0.033476,0.041796,0.025403,-2.126236,-0.319112821
2015/6/26,-0.005882,0.045494,0.048115,0.035995,-0.718322,-0.51491801
2015/6/25,-0.004762,0.050215,0.052986,0.039131,-0.584237,-0.981070876
2015/6/24,0.008502,0.045582,0.06687,0.044842,1.034386,-0.08391676
2015/6/23,-0.004545,0.043039,0.044102,0.038129,-0.555504,-1.04522469
2015/6/22,0.007978,0.051442,0.056143,0.048061,0.967339,-0.900313631
2015/6/19,-0.010009,0.042714,0.043613,0.032019,-1.225922,-0.105593463
2015/6/18,0.004556,0.043528,0.052386,0.043446,0.555489,-0.847739942
2015/6/17,-0.002351,0.045084,0.046393,0.037065,-0.287331,-0.943405685
2015/6/16,0.005358,0.045007,0.051753,0.039578,0.651276,-0.998135514
2015/6/15,-0.001966,0.035317,0.044677,0.032115,-0.239441,-0.517912009
2015/6/12,-0.011043,0.040855,0.041991,0.032085,-1.360001,-0.790896249
2015/6/11,-0.00225,0.046533,0.054634,0.040862,-0.277771,-0.848366414
2015/6/10,0.011458,0.048199,0.059835,0.047626,1.398339,-0.706299461
2015/6/9,-0.002973,0.035115,0.04639,0.026292,-0.363953,-0.053381052
2015/6/9,-0.002973,0.035115,0.04639,0.026292,-0.363953,-0.053381052
2015/6/8,-0.006607,0.046131,0.048647,0.029331,-0.814102,-0.184079266
2015/6/5,-0.005489,0.045232,0.046766,0.036031,-0.680008,-0.839299864
2015/6/4,-0.005841,0.039769,0.047793,0.034393,-0.72789,-0.730789522
2015/6/3,0.001231,0.049726,0.051976,0.04362,0.153221,-1.021376475
2015/6/2,-0.004443,0.038663,0.045062,0.034344,-0.555481,-0.9145995
2015/6/1,0.001996,0.044102,0.052998,0.042259,0.249016,-0.974356479
2015/5/29,-0.011383,0.039745,0.041488,0.029207,-1.43663,-0.252887422
2015/5/28,-0.001969,0.042679,0.043391,0.036669,-0.249032,-1.027376002
2015/5/28,-0.001969,0.042679,0.043391,0.036669,-0.249032,-1.027376002
2015/5/27,0.01867,0.049902,0.065368,0.047566,2.317788,-0.447028424
2015/5/26,-0.022031,0.044575,0.047017,0.017161,-2.796654,0.508606667
2015/5/22,0.008752,0.045771,0.056658,0.044182,1.10141,-0.456144938
2015/5/21,0.010226,0.044183,0.056706,0.042256,1.273826,-0.681582639
2015/5/20,-7.70E-05,0.04354,0.051407,0.038242,-0.009574,-0.807472777
2015/5/19,-0.000922,0.048112,0.049636,0.039691,-0.114953,-0.493149067
2015/5/18,0.011028,0.04094,0.059913,0.040778,1.360032,-0.252948916
2015/5/15,-0.001396,0.045074,0.048475,0.038111,-0.172394,-0.740094362
2015/5/14,0.023331,0.055702,0.068463,0.053631,2.815811,-0.471230231
2015/5/13,0.001112,0.046425,0.055052,0.044102,0.134087,-0.87514329
2015/5/12,-0.003562,0.038151,0.048731,0.031704,-0.430977,-0.357600498
2015/5/11,-0.010187,0.04222,0.043611,0.027821,-1.245118,-0.592977198
2015/5/8,0.018841,0.055939,0.063774,0.051187,2.260338,-0.073558833
2015/5/7,0.006185,0.046451,0.057438,0.04016,0.73748,-0.519756834
2015/5/6,-0.00628,0.054798,0.056381,0.028128,-0.753486,0.564082113
2015/5/5,-0.022533,0.043983,0.046427,0.024676,-2.765961,-0.314885096
2015/5/4,-0.001939,0.052936,0.061636,0.042853,-0.238434,-0.248897986
2015/5/1,0.030364,0.056422,0.090184,0.04972,3.624352,0.040289974
2015/4/30,-0.02713,0.048464,0.048464,0.015373,-3.32869,0.988945474
2015/4/29,-0.014706,0.045251,0.056735,0.030315,-1.831253,0.227597434
2015/4/28,-0.015756,0.06277,0.063402,0.024119,-1.993378,2.362133804
2015/4/27,0.018192,0.064801,0.0714,0.055465,2.26046,1.51774939
2015/4/24,0.004704,0.055094,0.056226,0.044906,0.581788,-0.497273021
2015/4/23,0.008164,0.045855,0.063136,0.044551,1.001457,-0.449422854
2015/4/22,0.013474,0.049124,0.064656,0.043589,1.630951,-0.761367508
2015/4/22,0.013474,0.049124,0.064656,0.043589,1.630951,-0.761367508
2015/4/21,-0.005407,0.052572,0.053394,0.040822,-0.658089,-0.961969244
2015/4/20,0.022846,0.055355,0.076787,0.051993,2.718262,-0.400096827
2015/4/17,-0.011255,0.043311,0.048214,0.034254,-1.354363,-0.211667097
2015/4/16,-0.004811,0.044329,0.05111,0.042923,-0.581802,-1.118245198
2015/4/15,0.0038,0.049377,0.055354,0.046056,0.457802,-1.095131069
2015/4/14,-0.004336,0.049703,0.0521,0.040694,-0.524575,-1.227566495
2015/4/13,-0.001967,0.05894,0.06059,0.044421,-0.238441,-0.810924139
2015/4/10,0.004267,0.04341,0.053848,0.037694,0.515045,-0.663995301
2015/4/9,0.007643,0.05055,0.056644,0.040617,0.915619,-0.960089827
2015/4/8,-0.003254,0.047132,0.051708,0.03981,-0.39106,-0.773870046
2015/4/7,-0.010522,0.050851,0.054803,0.037185,-1.278038,-0.862917476
2015/4/6,0.016198,0.041352,0.066786,0.040181,1.936157,-0.779066305
2015/4/2,0.008612,0.055045,0.059518,0.047957,1.020539,-0.970232525
2015/4/1,-0.001447,0.05175,0.054278,0.037257,-0.171669,-0.647338062
2015/4/1,-0.001447,0.05175,0.054278,0.037257,-0.171669,-0.647338062
2015/3/31,-0.015352,0.04614,0.049459,0.031787,-1.850342,-0.590871022
2015/3/30,0.025314,0.055269,0.07526,0.054844,2.975784,-0.398351929
2015/3/27,-0.007968,0.051248,0.052345,0.03724,-0.944244,-0.688662158
2015/3/26,0.00697,0.043195,0.06121,0.041835,0.820251,-0.380165022
2015/3/25,-0.026127,0.047222,0.049539,0.021071,-3.156997,-0.223266439
2015/3/24,-0.004088,0.048628,0.055304,0.043106,-0.495957,-0.946318972
2015/3/23,0.010405,0.058623,0.064703,0.053627,1.249436,-0.759245958
2015/3/20,-0.012549,0.054631,0.055864,0.029221,-1.52604,0.431642844
2015/3/19,-0.00755,0.050749,0.054829,0.039731,-0.925155,-0.447939307
2015/3/18,0.011256,0.048134,0.06596,0.042934,1.363907,0.30003759
2015/3/17,0.016727,0.056435,0.06835,0.054337,1.993393,-0.247560488
2015/3/16,0.011004,0.050924,0.060001,0.042356,1.297134,-0.829787481
2015/3/13,-0.00691,0.048042,0.056467,0.032709,-0.820236,-0.21665197
2015/3/12,0.018079,0.049064,0.071279,0.043232,2.107841,-0.349809953
2015/3/11,-0.018232,0.050485,0.050653,0.028254,-2.165085,0.441016865
2015/3/10,-0.020686,0.042444,0.049123,0.02092,-2.50843,0.437849914
2015/3/9,0.004265,0.059727,0.07306,0.03571,0.515045,1.193917141
2015/3/6,0.001503,0.064969,0.073014,0.047219,0.181198,0.591028099
2015/3/5,-0.016571,0.04879,0.050177,0.025788,-2.031524,-0.036404812
2015/3/4,-0.006339,0.046356,0.050085,0.040034,-0.782105,-0.991517202
2015/3/3,0.002092,0.047408,0.051956,0.040342,0.257523,-0.755148908
2015/3/2,0.004904,0.054911,0.063318,0.047158,0.60086,-0.360033362
2015/2/27,-0.015028,0.045087,0.04967,0.030938,-1.869385,0.17489307
2015/2/26,0.012656,0.048463,0.065396,0.030716,1.554642,1.299956185
2015/2/25,-0.025573,0.043625,0.043942,0.016574,-3.223755,0.66288406
2015/2/24,-0.006241,0.047991,0.053194,0.034037,-0.791626,0.452128097
2015/2/23,0.027027,0.052674,0.0768,0.049759,3.338196,0.519233632
2015/2/20,0.008175,0.049851,0.057034,0.045199,1.001488,-0.327299236
2015/2/19,-0.002098,0.046509,0.050989,0.045287,-0.257538,-0.772594041
2015/2/18,0.006963,0.046823,0.056256,0.045347,0.848885,-0.483213912
2015/2/17,0.005902,0.051846,0.063314,0.047143,0.715316,0.218615439
2015/2/17,0.005902,0.051846,0.063314,0.047143,0.715316,0.218615439
2015/2/13,0.004903,0.055262,0.055262,0.041748,0.591339,-0.122685004
2015/2/12,0.012652,0.058371,0.070293,0.054257,1.506981,0.653767547
2015/2/11,0.023439,0.054908,0.073382,0.052588,2.727799,0.618688954
2015/2/10,0.019212,0.052405,0.069745,0.052317,2.193687,0.174650936
2015/2/9,0.006643,0.045114,0.056486,0.044056,0.753487,-0.71389015
2015/2/6,-0.008421,0.049163,0.051173,0.035439,-0.963326,-0.52876189
2015/2/5,0.007137,0.056651,0.0585,0.049872,0.810708,-0.584890712
2015/2/4,0.00767,0.051271,0.069103,0.049585,0.86454,0.48754875
2015/2/4,0.00767,0.051271,0.069103,0.049585,0.86454,0.48754875
2015/2/3,0.000169,0.051448,0.056683,0.043551,0.018997,-0.213254416
2015/2/2,0.012547,0.060598,0.07066,0.042898,1.396538,0.202730721
2015/1/30,-0.014634,0.048175,0.062339,0.034453,-1.653061,1.010087946
2015/1/29,0.031134,0.061821,0.08802,0.054884,3.410606,1.036641906
2015/1/28,0.056533,0.134483,0.139209,0.112108,5.861672,3.421106039
2015/1/27,-0.035013,0.046273,0.046831,0.014723,-3.762108,1.464499265
2015/1/26,0.001062,0.059682,0.065458,0.050924,0.11399,-0.071076005
2015/1/23,0.00516,0.051665,0.065244,0.044454,0.551026,-0.422753592
2015/1/22,0.026015,0.059423,0.080658,0.054235,2.707573,-0.140971839
2015/1/21,0.007634,0.054828,0.075257,0.048245,0.788528,-0.341615852
2015/1/20,0.025757,0.070974,0.082196,0.057666,2.593575,-0.290729409
2015/1/16,-0.00777,0.054671,0.060091,0.036638,-0.788521,0.808994256
2015/1/15,-0.02714,0.054519,0.055094,0.0225,-2.831085,0.097994585
2015/1/14,-0.003811,0.041332,0.05518,0.036175,-0.39901,-0.350797703
2015/1/13,0.008879,0.073605,0.086805,0.049326,0.921524,0.370025666
2015/1/12,-0.024641,0.058146,0.058428,0.022436,-2.622078,-0.300303286
2015/1/9,0.001073,0.059939,0.065396,0.036797,0.114021,-0.144696081
2015/1/8,0.038422,0.067059,0.095585,0.061882,3.933091,0.073031787
2015/1/7,0.014022,0.061913,0.071819,0.05696,1.41555,-0.667150722
2015/1/6,9.40E-05,0.055474,0.064291,0.036552,0.009498,0.320261492
2015/1/5,-0.028172,0.042589,0.046055,0.014861,-2.926078,0.262164856
2015/1/2,-0.009513,0.062233,0.06271,0.023707,-0.997521,-0.163717003
2014/12/31,-0.019019,0.055408,0.058308,0.030992,-2.03305,-0.617282777
2014/12/31,-0.019019,0.055408,0.058308,0.030992,-2.03305,-0.617282777
2014/12/30,-0.012203,0.050106,0.052694,0.035968,-1.320557,-1.060113971
2014/12/29,-0.000702,0.050755,0.059804,0.049924,-0.075996,-1.147843121
2014/12/26,0.017677,0.053447,0.076189,0.052601,1.881042,-0.912547131
2014/12/24,-0.004709,0.052976,0.054191,0.047644,-0.503517,-1.652068577
2014/12/23,-0.003542,0.055304,0.056236,0.048128,-0.379997,-1.208203512
2014/12/22,0.010378,0.05618,0.068704,0.054391,1.102035,-0.472613851
2014/12/19,-0.007723,0.048957,0.058114,0.043351,-0.82653,1.190123718
2014/12/18,0.029613,0.076268,0.083773,0.064627,3.078087,0.059260932
2014/12/17,0.024918,0.05625,0.08307,0.053292,2.527076,-0.155753505
2014/12/16,-0.013675,0.034512,0.071372,0.033442,-1.406051,0.127846171
2014/12/16,-0.013675,0.034512,0.071372,0.033442,-1.406051,0.127846171
2014/12/15,-0.01367,0.061906,0.07054,0.020178,-1.425041,0.37487602
2014/12/12,-0.016932,0.041662,0.054959,0.033364,-1.795556,-0.055198974
2014/12/11,-0.002948,0.055516,0.069996,0.046866,-0.313491,-0.617348114
2014/12/11,-0.002948,0.055516,0.069996,0.046866,-0.313491,-0.617348114
2014/12/10,-0.019015,0.055276,0.059335,0.028804,-2.06157,-0.495758726
2014/12/9,0.015303,0.031905,0.070395,0.024039,1.634049,0.105450755
2014/12/8,-0.022609,0.044364,0.049398,0.021664,-2.47007,0.007709583
2014/12/5,-0.004243,0.057159,0.057979,0.044854,-0.465515,-0.735832045
2014/12/4,-0.003795,0.051149,0.064132,0.04679,-0.418015,-0.592642823
2014/12/3,0.011341,0.062886,0.068395,0.057009,1.235039,-0.553482554
2014/12/3,0.011341,0.062886,0.068395,0.057009,1.235039,-0.553482554
2014/12/2,-0.003824,0.03824,0.058822,0.031379,-0.417992,0.072432218
2014/12/1,-0.032456,0.051539,0.055434,-0.015194,-3.667114,1.012720666
2014/11/28,-0.000588,0.05499,0.05614,0.044198,-0.066513,-1.254862229
2014/11/26,0.011905,0.055645,0.066028,0.05466,1.330048,-0.641692127
2014/11/25,-0.008682,0.056506,0.062539,0.042131,-0.978531,0.437227286
2014/11/24,0.018546,0.056036,0.073388,0.053957,2.052055,-0.384857798
2014/11/21,0.001376,0.063461,0.064004,0.050067,0.152001,-0.010953904
2014/11/20,0.014302,0.054804,0.072704,0.054254,1.558036,-0.540718666
2014/11/19,-0.006928,0.052328,0.055063,0.037378,-0.760002,-0.599380281
2014/11/18,0.012984,0.05214,0.0683,0.051678,1.406037,-0.508876206
2014/11/17,-0.001664,0.053431,0.08118,0.044489,-0.180527,-0.411919085
2014/11/14,0.012055,0.05568,0.065383,0.03758,1.292045,-0.515040999
2014/11/13,0.014112,0.057805,0.073417,0.055913,1.491555,0.079119712
2014/11/12,0.01413,0.049531,0.069201,0.049435,1.472549,-0.404397577
2014/11/11,0.007994,0.051344,0.0615,0.048443,0.826515,-1.153861864
2014/11/10,-0.001651,0.052698,0.055691,0.049318,-0.171005,-1.163347343
2014/11/7,0.002852,0.053086,0.058605,0.051149,0.29451,-0.913680931
2014/11/6,0.00286,0.054641,0.056486,0.046872,0.294502,-0.86460088
2014/11/5,0.002394,0.062033,0.06398,0.05259,0.245941,-0.769769152
2014/11/4,-0.007313,0.056779,0.058035,0.040931,-0.756736,-0.610710585
2014/11/3,0.012963,0.059319,0.079679,0.057264,1.324295,-0.19915303
2014/10/31,0.009534,0.067344,0.06764,0.059438,0.964836,-0.49291462
2014/10/30,-0.003354,0.053423,0.057264,0.042984,-0.340515,-0.646054371
2014/10/29,0.005621,0.056274,0.063405,0.053402,0.56755,-0.183575783
2014/10/28,0.015508,0.060083,0.07356,0.05958,1.541855,-0.361409294
2014/10/27,-0.001045,0.053448,0.059778,0.051941,-0.104034,-0.894610045
2014/10/24,0.00372,0.060695,0.063821,0.05414,0.368881,-0.4001122
2014/10/23,0.017866,0.068354,0.078311,0.063735,1.740509,0.523100079
2014/10/22,0.005075,0.060983,0.074085,0.058507,0.491898,0.415039413
2014/10/21,0.027165,0.091712,0.091712,0.073167,2.563438,1.428186945
2014/10/20,0.021399,0.064201,0.081952,0.063119,1.976997,0.770714123
2014/10/17,0.014648,0.070784,0.087257,0.063206,1.333741,0.411834028
2014/10/16,-0.013123,0.035598,0.059117,0.03408,-1.210778,0.564600971
2014/10/15,-0.012253,0.048815,0.061448,0.018947,-1.144569,1.670693128
2014/10/14,-0.01062,0.063309,0.064686,0.044032,-1.002686,0.239223679
2014/10/13,-0.009133,0.063463,0.068186,0.04751,-0.870239,-0.149158253
2014/10/10,-0.002871,0.053713,0.067735,0.049631,-0.274307,0.340804395
2014/10/10,-0.002871,0.053713,0.067735,0.049631,-0.274307,0.340804395
2014/10/9,0.002182,0.064927,0.073737,0.055173,0.208099,0.765302634
2014/10/8,0.020759,0.057273,0.082431,0.052455,1.939133,-0.00229091
2014/10/7,-0.008733,0.055149,0.062472,0.047721,-0.82296,-0.59073266
2014/10/6,0,0.060668,0.068096,0.055043,0,-0.784554661
2014/10/6,0,0.060668,0.068096,0.055043,0,-0.784554661
2014/10/3,-0.002803,0.052298,0.060446,0.048065,-0.264854,-0.537870717
2014/10/2,0.00726,0.058125,0.068251,0.045015,0.681076,-0.3730586
2014/10/1,-0.015583,0.055487,0.056536,0.035655,-1.485115,-0.22956575
2014/9/30,0.006393,0.064558,0.072267,0.061601,0.6054,-0.084562449
2014/9/29,-0.006352,0.035131,0.053913,0.034921,-0.6054,-0.295864174
2014/9/26,0.029427,0.064295,0.088275,0.062891,2.724258,0.188563997
2014/9/25,-0.038133,0.044282,0.04636,0.015295,-3.670181,1.638347184
2014/9/24,-0.008671,0.052222,0.059329,0.042334,-0.841858,0.104059449
2014/9/23,0.015634,0.052354,0.076832,0.051726,1.494545,0.228216219
2014/9/22,0.000991,0.065962,0.069522,0.053187,0.094597,-0.179713179
2014/9/22,0.000991,0.065962,0.069522,0.053187,0.094597,-0.179713179
2014/9/19,-0.008154,0.062359,0.062982,0.043768,-0.785126,0.516477923
2014/9/19,-0.008154,0.062359,0.062982,0.043768,-0.785126,0.516477923
2014/9/18,0.002067,0.060808,0.065179,0.056958,0.198654,-0.775015375
2014/9/17,0.007139,0.061463,0.067018,0.054336,0.681069,0.13306549
2014/9/16,-0.007576,0.03813,0.053317,0.028664,-0.728356,0.362961521
2014/9/15,-0.000295,0.069125,0.07162,0.054878,-0.028396,0.148054699
2014/9/12,0.002268,0.054873,0.065087,0.053518,0.217559,0.198387694
2014/9/11,0.004257,0.05099,0.061771,0.042721,0.406754,0.187895248
2014/9/10,0.030717,0.057381,0.090826,0.054684,2.847229,1.668233361
2014/9/9,-0.003762,0.064904,0.107896,0.033305,-0.349983,5.087952188
2014/9/8,-0.006163,0.060691,0.060798,0.047339,-0.577011,-0.426908294
2014/9/5,0.008663,0.064492,0.070849,0.059213,0.804039,0.038153051
2014/9/4,-0.008288,0.056204,0.069453,0.044878,-0.775666,1.085898752
2014/9/3,-0.042207,0.055119,0.056142,0.008861,-4.124252,2.611838651
2014/9/2,0.007805,0.062942,0.069955,0.059435,0.756767,-0.14990387
2014/8/29,0.002445,0.063473,0.063886,0.056649,0.236481,-0.494617241
2014/8/28,0.001175,0.051576,0.063894,0.051265,0.113495,0.422607042
2014/8/27,0.012291,0.058528,0.074769,0.055175,1.172951,-0.195832343
2014/8/26,-0.006402,0.055916,0.056749,0.050086,-0.614861,-0.934416003
2014/8/26,-0.006402,0.055916,0.056749,0.050086,-0.614861,-0.934416003
2014/8/25,0.002172,0.06207,0.066035,0.056748,0.208122,-0.660843724
2014/8/22,0.007357,0.054118,0.06652,0.053067,0.699982,-0.510413561
2014/8/21,9.90E-05,0.057166,0.061055,0.05233,0.009453,-0.921886562
2014/8/20,0.000398,0.056219,0.063055,0.051066,0.037842,-0.183149167
2014/8/19,0.013816,0.059831,0.073371,0.058871,1.295906,0.458696445
2014/8/18,0.012043,0.062669,0.072163,0.057166,1.116211,-0.380199613
2014/8/15,0.004923,0.061503,0.064647,0.050226,0.454033,-0.327199307
2014/8/14,0.002674,0.058144,0.060753,0.052382,0.245948,-1.127968967
2014/8/13,0.013233,0.059148,0.071155,0.057937,1.20131,-0.981920265
2014/8/12,-0.000208,0.057717,0.066968,0.052981,-0.018891,-0.909703025
2014/8/11,0.013194,0.06308,0.072118,0.058281,1.182381,-0.802472531
2014/8/8,0.002752,0.054704,0.06097,0.043739,0.245949,-0.599541703
2014/8/7,-0.000106,0.062089,0.073501,0.052802,-0.009446,-0.413291174
2014/8/6,-0.001682,0.058292,0.066445,0.057845,-0.150611,-0.726642507
2014/8/5,-0.004917,0.059868,0.063424,0.048753,-0.442391,-0.058854034
2014/8/4,-0.005617,0.065077,0.067397,0.051814,-0.50827,-0.672835091
2014/8/1,0.005544,0.054645,0.07376,0.053645,0.498871,-0.34411021
2014/7/31,-0.025981,0.051708,0.054847,0.031899,-2.400185,-0.023879214
2014/7/30,-0.002338,0.063072,0.06588,0.054757,-0.216469,-0.939873612
2014/7/29,-0.006463,0.06575,0.066931,0.054163,-0.602401,-0.550423218
2014/7/28,0.013822,0.064056,0.079502,0.061119,1.270683,-0.082490864
2014/7/25,0.006596,0.060453,0.071293,0.058154,0.602371,-0.537893777
2014/7/24,-0.001646,0.060784,0.063845,0.054007,-0.150589,-0.451033233
2014/7/23,0.026077,0.070276,0.097868,0.067471,2.324867,1.362622608
2014/7/22,0.008303,0.070793,0.073168,0.06446,0.734169,-0.087141362
2014/7/21,-0.005189,0.068725,0.068837,0.054436,-0.461204,-0.706618462
2014/7/18,0.014395,0.068473,0.081255,0.061625,1.261276,-0.287343385
2014/7/17,-0.017831,0.065226,0.068029,0.037651,-1.590706,-0.006391803
2014/7/16,-0.005665,0.080815,0.082264,0.055959,-0.508278,-0.15634923
2014/7/16,-0.005665,0.080815,0.082264,0.055959,-0.508278,-0.15634923
2014/7/15,-0.011716,0.06628,0.06683,0.046782,-1.063598,-0.460683978
2014/7/14,0.012917,0.069565,0.081057,0.067222,1.15773,-0.563221697
2014/7/11,0.001894,0.066001,0.071926,0.060412,0.169433,-0.901132272
2014/7/10,-0.003669,0.04427,0.064206,0.041597,-0.329445,-0.683289103
2014/7/9,0.00042,0.063427,0.06911,0.05585,0.037652,-0.808199177
2014/7/8,-0.00646,0.065745,0.071613,0.03973,-0.58358,0.298158174
2014/7/7,0.020632,0.063667,0.08457,0.063215,1.826019,-0.038291915
2014/7/3,0.005884,0.064583,0.06947,0.059242,0.517677,-1.328755185
2014/7/2,-0.000428,0.0664,0.068559,0.057539,-0.037636,-1.114555547
2014/7/1,0.006349,0.069169,0.075457,0.064711,0.555321,-0.739517853
2014/6/30,0.010328,0.06381,0.082638,0.063695,0.89418,-0.306779393
2014/6/27,0.011881,0.061489,0.075281,0.060905,1.016548,0.252306568
2014/6/26,0.005976,0.062542,0.070537,0.05584,0.508271,-0.954516916
2014/6/25,0.000886,0.0616,0.067367,0.05501,0.075302,-0.791557312
2014/6/24,-0.006055,0.061489,0.073068,0.054938,-0.51767,-0.708271118
2014/6/23,-0.00088,0.067216,0.070722,0.058801,-0.075317,-0.529246156
2014/6/20,-0.010342,0.062309,0.070405,0.051321,-0.894173,1.669324883
2014/6/19,-0.003472,0.063692,0.063807,0.052743,-0.301201,-0.84309713
2014/6/18,0.001086,0.064616,0.064847,0.054001,0.094116,-0.920502942
2014/6/17,-0.001301,0.063692,0.068186,0.057815,-0.112945,-1.066090438
2014/6/16,0.010079,0.065101,0.079534,0.064403,0.865959,-0.841828813
2014/6/13,-0.010944,0.061388,0.064151,0.046192,-0.950668,-0.112968922
2014/6/12,-0.016727,0.064462,0.065367,0.040238,-1.477753,-0.104359735
2014/6/11,-0.004138,0.061072,0.068173,0.053632,-0.367065,-0.452878059
2014/6/10,0.00587,0.074103,0.077731,0.06095,0.517662,0.204187365
2014/6/9,0.016001,0.067904,0.081498,0.05696,1.389007,0.6899146
2014/6/6,-0.00275,0.066609,0.068841,0.057698,-0.239334,1.153796025
2014/6/6,-0.00275,0.066609,0.068841,0.057698,-0.239334,1.153796025
2014/6/5,0.003924,0.064698,0.069921,0.058783,0.340187,0.710530528
2014/6/4,0.011419,0.062257,0.079672,0.060041,0.978882,1.014892179
2014/6/3,0.014142,0.062103,0.079476,0.061748,1.195389,0.603911132
2014/6/2,-0.006872,0.064035,0.065495,0.044801,-0.584931,1.340319434
2014/5/30,-0.003746,0.066772,0.077122,0.051589,-0.320015,3.210799751
2014/5/29,0.018221,0.068962,0.084319,0.068826,1.528855,1.408762468
2014/5/28,-0.002589,0.063086,0.069557,0.059283,-0.217827,0.822718991
2014/5/27,0.018726,0.065451,0.082717,0.065019,1.546318,1.143491905
2014/5/23,0.011297,0.062389,0.075475,0.061025,0.922424,0.022602707
2014/5/22,0.001583,0.062932,0.068627,0.058552,0.12909,-0.279579744
2014/5/21,0.002646,0.060878,0.06592,0.057768,0.215126,-0.317056609
2014/5/20,0.000199,0.062284,0.065605,0.055641,0.016144,0.047838386
2014/5/19,0.011849,0.063029,0.079885,0.062104,0.951995,0.844564802
2014/5/16,0.014759,0.062081,0.07814,0.056253,1.168503,0.445824942
2014/5/15,-0.008504,0.063909,0.067308,0.051994,-0.679039,0.009500601
2014/5/14,0.000185,0.060044,0.068937,0.05881,0.014786,-0.609688244
2014/5/13,0.001569,0.060937,0.065489,0.058607,0.125053,-0.673745974
2014/5/12,0.01245,0.065962,0.077157,0.065799,0.980225,-0.159965857
2014/5/12,0.01245,0.065962,0.077157,0.065799,0.980225,-0.159965857
2014/5/9,-0.004167,0.05619,0.05928,0.048583,-0.32943,0.59323036
2014/5/8,-0.001782,0.060999,0.07211,0.057663,-0.141166,0.004227475
2014/5/7,-0.0035,0.069868,0.073534,0.056352,-0.27816,0.509317693
2014/5/6,-0.010899,0.069851,0.074491,0.056714,-0.87584,1.390414139
2014/5/5,0.014142,0.063959,0.083538,0.063707,1.120552,0.54970016
2014/5/2,0.00186,0.069911,0.073271,0.065161,0.14708,-0.368415788
2014/5/2,0.00186,0.069911,0.073271,0.065161,0.14708,-0.368415788
2014/5/1,0.002356,0.071816,0.076886,0.061605,0.185882,0.136351586
2014/4/30,-0.003782,0.068918,0.081164,0.063795,-0.299514,2.179042539
2014/4/29,-0.002963,0.067729,0.071757,0.060122,-0.235344,1.03310599
2014/4/29,-0.002963,0.067729,0.071757,0.060122,-0.235344,1.03310599
2014/4/28,0.038728,0.069965,0.112834,0.069498,2.961807,4.224154826
2014/4/25,0.007344,0.062261,0.076299,0.061189,0.557587,1.541370846
2014/4/24,0.081982,0.15684,0.160484,0.141611,5.752495,5.093010085
2014/4/23,-0.013071,0.063053,0.067213,0.05379,-0.929337,1.586192424
2014/4/22,0.000998,0.062606,0.069685,0.058965,0.070862,-0.262253756
2014/4/21,0.011868,0.069172,0.083011,0.066364,0.833061,-0.454561462
2014/4/17,0.011426,0.070396,0.08637,0.068749,0.792946,0.52344214
2014/4/17,0.011426,0.070396,0.08637,0.068749,0.792946,0.52344214
2014/4/16,0.002027,0.068544,0.074814,0.060479,0.140404,-0.145007395
2014/4/15,-0.007131,0.065471,0.068276,0.047162,-0.497429,0.351984808
2014/4/14,0.003984,0.073066,0.073601,0.063423,0.276787,-0.232363736
2014/4/11,-0.007393,0.059215,0.067031,0.055419,-0.517487,0.402214031
2014/4/10,-0.012898,0.069083,0.072226,0.053954,-0.91462,0.094112764
2014/4/9,0.013144,0.066725,0.082747,0.06546,0.919976,-0.227601779
2014/4/8,-5.80E-05,0.071868,0.073766,0.058623,-0.004029,0.134818075
2014/4/7,-0.015701,0.060724,0.06651,0.04841,-1.116523,0.576442446
2014/4/7,-0.015701,0.060724,0.06651,0.04841,-1.116523,0.576442446
2014/4/4,-0.012936,0.070381,0.070757,0.052079,-0.931992,0.436166511
2014/4/3,-0.00693,0.066074,0.06826,0.05869,-0.502777,-0.648698621
2014/4/2,0.001662,0.069798,0.071968,0.065617,0.120361,-0.475008281
2014/4/1,0.009148,0.070389,0.078569,0.068418,0.656548,-0.279579744
2014/3/31,-0.000224,0.073075,0.076219,0.066507,-0.01606,-0.587923144
2014/3/28,-0.001116,0.070067,0.0713,0.061977,-0.080238,-0.281463003
2014/3/27,-0.004298,0.068833,0.071762,0.059135,-0.310219,-0.075192272
2014/3/26,-0.00956,0.071358,0.076219,0.056342,-0.696648,0.67173538
2014/3/25,0.010757,0.072935,0.081356,0.069151,0.775543,0.503829337
2014/3/24,0.01186,0.079486,0.083656,0.072749,0.845101,1.209163856
2014/3/21,0.007887,0.074885,0.078563,0.063569,0.557594,1.385436953
2014/3/20,-0.004819,0.065603,0.071194,0.060495,-0.342316,-0.206186428
2014/3/19,-0.000263,0.070087,0.078089,0.063533,-0.018707,-0.049014964
2014/3/18,0.008846,0.066654,0.078966,0.065234,0.623085,-0.194187374
2014/3/17,0.003907,0.074487,0.079109,0.07072,0.274132,-0.291255953
2014/3/14,-0.011231,0.064613,0.068841,0.052956,-0.796944,0.070545115
2014/3/13,-0.011107,0.070011,0.074431,0.053526,-0.796951,0.267937623
2014/3/12,0.00097,0.06521,0.070869,0.060207,0.069542,-0.293354442
2014/3/11,0.009738,0.077474,0.084094,0.071719,0.691307,0.474342873
2014/3/10,0.000905,0.064169,0.074179,0.064128,0.064171,-0.492657113
2014/3/7,-0.000584,0.069042,0.070834,0.058897,-0.041451,-0.087702497
2014/3/6,-0.003024,0.069221,0.072532,0.059809,-0.215286,-0.426312569
2014/3/5,0.002108,0.067715,0.075417,0.064115,0.149773,-0.286278767
2014/3/4,0.006594,0.074917,0.078237,0.068378,0.465332,0.281362573
2014/3/3,0.002888,0.062633,0.077311,0.061395,0.203254,0.085745711
2014/2/28,-0.00271,0.071213,0.078643,0.057121,-0.191223,1.365474401
2014/2/27,0.019948,0.067925,0.091962,0.065674,1.379959,0.69204768
2014/2/26,-0.009022,0.07153,0.074374,0.055138,-0.629821,0.44544829
2014/2/25,-0.010406,0.072064,0.072449,0.055094,-0.734085,0.020127566
2014/2/24,0.004379,0.064087,0.077857,0.062602,0.307556,0.5674028
2014/2/21,-0.011108,0.071657,0.075237,0.055184,-0.788925,0.470118991
2014/2/20,-0.011575,0.05965,0.067622,0.051717,-0.831742,0.730250946
2014/2/19,-0.015788,0.065932,0.070119,0.045582,-1.152641,0.806253922
2014/2/18,0.003677,0.072306,0.082498,0.07154,0.267441,0.292043346
2014/2/14,-0.000808,0.064512,0.0714,0.06204,-0.058808,0.413809529
2014/2/13,0.015879,0.065846,0.08616,0.064929,1.137909,0.745047985
2014/2/12,-7.50E-05,0.070332,0.075534,0.062936,-0.005356,0.751800816
2014/2/11,0.013176,0.07163,0.08605,0.069388,0.932023,0.503479589
2014/2/10,0.017915,0.066261,0.093665,0.064905,1.244896,1.111718625
2014/2/7,0.01399,0.086848,0.090079,0.07851,0.958747,1.349251465
2014/2/6,0.005828,0.069448,0.076661,0.064731,0.397118,0.268152853
2014/2/5,0.007469,0.070042,0.088462,0.069388,0.505104,0.946314627
2014/2/4,0.014476,0.084011,0.091747,0.077389,0.965019,1.410753342
2014/2/3,0.001858,0.079068,0.090061,0.071962,0.123612,1.648878064
2014/1/31,0.001641,0.064861,0.078516,0.061356,0.108986,2.257413041
2014/1/30,-0.001937,0.078595,0.087094,0.066061,-0.12893,4.310784767
2014/1/29,-0.011352,0.069342,0.076599,0.058032,-0.764289,2.622657785
2014/1/28,-0.079927,-0.006737,0.005446,-0.019798,-5.848511,8.02946913
2014/1/27,0.008112,0.082626,0.091935,0.074123,0.588821,3.122959144
2014/1/24,-0.018178,0.07054,0.073671,0.052666,-1.343826,1.916865902
2014/1/23,0.008468,0.071694,0.084477,0.061696,0.620743,1.665935015
2014/1/22,0.004444,0.078355,0.090843,0.072287,0.324333,1.442499718
2014/1/21,0.015536,0.075389,0.093438,0.074256,1.116524,0.948063368
2014/1/17,-0.024501,0.069382,0.070526,0.046927,-1.805046,1.891737839
2014/1/16,-0.00558,0.070009,0.07377,0.0638,-0.413407,-0.005565475
2014/1/15,0.020077,0.088778,0.101917,0.085119,1.458145,1.554472952
2014/1/14,0.019898,0.079748,0.096821,0.078625,1.416939,0.986831611
2014/1/13,0.005235,0.068642,0.094032,0.068582,0.370835,1.428160042
2014/1/10,-0.006672,0.081383,0.083327,0.063916,-0.475846,0.721776278
2014/1/10,-0.006672,0.081383,0.083327,0.063916,-0.475846,0.721776278
2014/1/9,-0.01277,0.081358,0.081477,0.058715,-0.922462,0.473616473
2014/1/8,0.006333,0.072305,0.085738,0.072066,0.454582,0.275497565
2014/1/7,-0.007151,0.075524,0.078764,0.062878,-0.517036,0.839318579
2014/1/6,0.005453,0.06774,0.086315,0.060091,0.392089,1.755981727
2014/1/3,-0.021966,0.074229,0.075861,0.050077,-1.614975,1.56243645
2014/1/2,-0.014064,0.064523,0.067109,0.057512,-1.048751,0.046385585
